UID,Assets at risk,Containers/Points of attack,Threat communities,Threat Types,Effects,Scenario,blank-H,Plan A Loss Event Frequency (LEF) Lower Bound,Plan A Loss Event Frequency (LEF) Most Likely,Plan A Loss Event Frequency (LEF) Upper Bound,Plan A Loss Magnitude (LM) Lower Bound,Plan A Loss Magnitude (LM) Most Likely,Plan A Loss Magnitude (LM) Upper Bound,Plan B Control(s),Plan B Initial Control Cost Lower Bound,Plan B Initial Control Cost Most Likely,Plan B Initial Control Cost Upper Bound,Plan B Recurring Control Cost Lower Bound,Plan B Recurring Control Cost Most Likely,Plan B Recurring Control Cost Upper Bound,Plan B Loss Event Frequency (LEF) Lower Bound,Plan B Loss Event Frequency (LEF) Most Likely,Plan B Loss Event Frequency (LEF) Upper Bound,Plan B Loss Magnitude (LM) Lower Bound,Plan B Loss Magnitude (LM) Most Likely,Plan B Loss Magnitude (LM) Upper Bound,Plan C Control(s),Plan C Initial Control Cost Lower Bound,Plan C Initial Control Cost Most Likely,Plan C Initial Control Cost Upper Bound,Plan C Recurring Control Cost Lower Bound,Plan C Recurring Control Cost Most Likely,Plan C Recurring Control Cost Upper Bound,Plan C Loss Event Frequency (LEF) Lower Bound,Plan C Loss Event Frequency (LEF) Most Likely,Plan C Loss Event Frequency (LEF) Upper Bound,Plan C Loss Magnitude (LM) Lower Bound,Plan C Loss Magnitude (LM) Most Likely,Plan C Loss Magnitude (LM) Upper Bound,PLAN-A,PLAN-B,PLAN-C
Risk-1,Non Public Information (NPI),Other devices on Oak-Net,privileged insiders (DerpCorp & Vendors),deliberately,confidentiality,privileged insiders (DerpCorp & Vendors) deliberately impact the confidentiality of Non Public Information (NPI) through Other devices on Oak-Net.,NA,0.013333333333333334,0.05,0.5,750000,3000000,10000000,"Crit. sec. patches monthly, OS MFA, App MFA, Net ACL/FW Default Deny IN,",1500,3000,24000,0,0,0,0.013333333333333334,0.04,0.2,750000,1000000,10000000,"Vuln. scan remediation, Host FW Default Deny IN, Host FW Default Deny OUT, All Sec Patches Monthly, Server log SIEM, NPI Scanning and Response, OS MFA, App MFA, Net ACL/FW Default Deny IN,",3000,10000,50000,0,0,0,0.013333333333333334,0.03333333333333333,0.2,750000,1000000,10000000,462106.3634982106,145905.67868562747,140147.18903847548
Risk-2,Non Public Information (NPI),ServerGaugeReport Server on Oak-Net,privileged insiders (DerpCorp & Vendors),deliberately,confidentiality,privileged insiders (DerpCorp & Vendors) deliberately impact the confidentiality of Non Public Information (NPI) through ServerGaugeReport Server on Oak-Net.,NA,0.013333333333333334,0.05,0.5,750000,3000000,10000000,"Crit. sec. patches monthly, OS MFA, App MFA, Net ACL/FW Default Deny IN,",1500,3000,24000,0,0,0,0.013333333333333334,0.04,0.2,750000,1000000,10000000,"Vuln. scan remediation, CIS Hardened Windows Server Image, Host FW Default Deny IN, Host FW Default Deny OUT, All Sec Patches Monthly, Server log SIEM, NPI Scanning and Response, OS MFA, App MFA, Net ACL/FW Default Deny IN,",3000,10000,50000,0,0,0,0.013333333333333334,0.03333333333333333,0.2,750000,1000000,10000000,446208.2805958345,153806.171156547,135877.38545348172
Risk-3,Non Public Information (NPI),ServerGaugeIndex Server on Oak-Net,privileged insiders (DerpCorp & Vendors),deliberately,confidentiality,privileged insiders (DerpCorp & Vendors) deliberately impact the confidentiality of Non Public Information (NPI) through ServerGaugeIndex Server on Oak-Net.,NA,0.013333333333333334,0.05,0.5,750000,3000000,10000000,"Crit. sec. patches monthly, OS MFA, App MFA, Net ACL/FW Default Deny IN,",1500,3000,24000,0,0,0,0.013333333333333334,0.04,0.2,750000,1000000,10000000,"Vuln. scan remediation, CIS Hardened Windows Server Image, Host FW Default Deny IN, Host FW Default Deny OUT, All Sec Patches Monthly, Server log SIEM, NPI Scanning and Response, OS MFA, App MFA, Net ACL/FW Default Deny IN,",3000,10000,50000,0,0,0,0.013333333333333334,0.03333333333333333,0.2,750000,1000000,10000000,455600.0549958271,150407.38778188633,144058.09785182215
Risk-4,Non Public Information (NPI),Database instance on ServerGaugeIndex,privileged insiders (DerpCorp & Vendors),deliberately,confidentiality,privileged insiders (DerpCorp & Vendors) deliberately impact the confidentiality of Non Public Information (NPI) through Database instance on ServerGaugeIndex.,NA,0.013333333333333334,0.05,0.5,750000,3000000,10000000,"Crit. sec. patches monthly, OS MFA, App MFA, Net ACL/FW Default Deny IN,",1500,3000,24000,0,0,0,0.013333333333333334,0.04,0.2,750000,1000000,10000000,"Vuln. scan remediation, CIS Hardened Windows Server Image, Host FW Default Deny IN, Host FW Default Deny OUT, All Sec Patches Monthly, Server log SIEM, NPI Scanning and Response, OS MFA, App MFA, Net ACL/FW Default Deny IN,",3000,10000,50000,0,0,0,0.013333333333333334,0.03333333333333333,0.2,750000,1000000,10000000,436072.003599615,141587.7796748102,136189.20008221455
Risk-5,Non Public Information (NPI),DerpCorp sysadmin jump stations on Oak-Net,privileged insiders (DerpCorp & Vendors),deliberately,confidentiality,privileged insiders (DerpCorp & Vendors) deliberately impact the confidentiality of Non Public Information (NPI) through DerpCorp sysadmin jump stations on Oak-Net.,NA,0.013333333333333334,0.05,0.5,750000,3000000,10000000,"Crit. sec. patches monthly, OS MFA, App MFA, Net ACL/FW Default Deny IN,",1500,3000,24000,0,0,0,0.013333333333333334,0.04,0.2,750000,1000000,10000000,"Vuln. scan remediation, CIS Hardened Windows Server Image, Host FW Default Deny IN, Host FW Default Deny OUT, All Sec Patches Monthly, Server log SIEM, NPI Scanning and Response, OS MFA, App MFA, Net ACL/FW Default Deny IN,",3000,10000,50000,0,0,0,0.013333333333333334,0.03333333333333333,0.2,750000,1000000,10000000,470713.67153680493,148877.83566184875,142986.31229411587
Risk-6,Non Public Information (NPI),Monitored servers on Maple-Net,privileged insiders (DerpCorp & Vendors),deliberately,confidentiality,privileged insiders (DerpCorp & Vendors) deliberately impact the confidentiality of Non Public Information (NPI) through Monitored servers on Maple-Net.,NA,0.013333333333333334,0.05,0.5,750000,3000000,10000000,"Crit. sec. patches monthly, OS MFA, App MFA, Net ACL/FW Default Deny IN,",1500,3000,24000,0,0,0,0.013333333333333334,0.04,0.2,750000,1000000,10000000,"Vuln. scan remediation, CIS Hardened Windows Server Image, Host FW Default Deny IN, Host FW Default Deny OUT, All Sec Patches Monthly, Server log SIEM, NPI Scanning and Response, OS MFA, App MFA, Net ACL/FW Default Deny IN,",3000,10000,50000,0,0,0,0.013333333333333334,0.03333333333333333,0.2,750000,1000000,10000000,453339.04437977914,148166.21991856117,146234.0906424319
Risk-7,Non Public Information (NPI),Monitored servers on Birch-Net,privileged insiders (DerpCorp & Vendors),deliberately,confidentiality,privileged insiders (DerpCorp & Vendors) deliberately impact the confidentiality of Non Public Information (NPI) through Monitored servers on Birch-Net.,NA,0.013333333333333334,0.05,0.5,750000,3000000,10000000,"Crit. sec. patches monthly, OS MFA, App MFA, Net ACL/FW Default Deny IN,",1500,3000,24000,0,0,0,0.013333333333333334,0.04,0.2,750000,1000000,10000000,"Vuln. scan remediation, Host FW Default Deny IN, Host FW Default Deny OUT, All Sec Patches Monthly, Server log SIEM, NPI Scanning and Response, OS MFA, App MFA, Net ACL/FW Default Deny IN,",3000,10000,50000,0,0,0,0.013333333333333334,0.03333333333333333,0.2,750000,1000000,10000000,439070.18109543726,145039.07200279116,139275.49164953595
Risk-8,Non Public Information (NPI),Other devices on Oak-Net,malicious software,deliberately,confidentiality,malicious software deliberately impact the confidentiality of Non Public Information (NPI) through Other devices on Oak-Net.,NA,0.013333333333333334,0.1,0.5,750000,3000000,10000000,"Crit. sec. patches monthly, OS MFA, App MFA, Net ACL/FW Default Deny IN,",1500,3000,24000,0,0,0,0.013333333333333334,0.07692307692307693,0.2,750000,1000000,10000000,"Vuln. scan remediation, CIS Hardened Windows Server Image, Host FW Default Deny IN, Host FW Default Deny OUT, All Sec Patches Monthly, Server log SIEM, NPI Scanning and Response, OS MFA, App MFA, Net ACL/FW Default Deny IN,",3000,10000,50000,0,0,0,0.013333333333333334,0.05,0.2,750000,1000000,10000000,596894.4456068357,209622.0918363656,174152.6691772228
Risk-9,Non Public Information (NPI),ServerGaugeReport Server on Oak-Net,malicious software,deliberately,confidentiality,malicious software deliberately impact the confidentiality of Non Public Information (NPI) through ServerGaugeReport Server on Oak-Net.,NA,0.013333333333333334,0.1,0.5,750000,3000000,10000000,"Crit. sec. patches monthly, OS MFA, App MFA, Net ACL/FW Default Deny IN,",1500,3000,24000,0,0,0,0.013333333333333334,0.07692307692307693,0.2,750000,1000000,10000000,"Vuln. scan remediation, Host FW Default Deny IN, Host FW Default Deny OUT, All Sec Patches Monthly, Server log SIEM, NPI Scanning and Response, OS MFA, App MFA, Net ACL/FW Default Deny IN,",3000,10000,50000,0,0,0,0.013333333333333334,0.06666666666666667,0.2,750000,1000000,10000000,593130.3033929309,224288.81415865978,203721.7758036844
Risk-10,Non Public Information (NPI),ServerGaugeIndex Server on Oak-Net,malicious software,deliberately,confidentiality,malicious software deliberately impact the confidentiality of Non Public Information (NPI) through ServerGaugeIndex Server on Oak-Net.,NA,0.013333333333333334,0.1,0.5,750000,3000000,10000000,"Crit. sec. patches monthly, OS MFA, App MFA, Net ACL/FW Default Deny IN,",1500,3000,24000,0,0,0,0.013333333333333334,0.07692307692307693,0.2,750000,1000000,10000000,"Vuln. scan remediation, Host FW Default Deny IN, Host FW Default Deny OUT, All Sec Patches Monthly, Server log SIEM, NPI Scanning and Response, OS MFA, App MFA, Net ACL/FW Default Deny IN,",3000,10000,50000,0,0,0,0.013333333333333334,0.06666666666666667,0.2,750000,1000000,10000000,619308.5538195746,200193.19604801576,193196.35769744188
Risk-11,Non Public Information (NPI),Database instance on ServerGaugeIndex,malicious software,deliberately,confidentiality,malicious software deliberately impact the confidentiality of Non Public Information (NPI) through Database instance on ServerGaugeIndex.,NA,0.013333333333333334,0.1,0.5,750000,3000000,10000000,"Crit. sec. patches monthly, OS MFA, App MFA, Net ACL/FW Default Deny IN,",1500,3000,24000,0,0,0,0.013333333333333334,0.07692307692307693,0.2,750000,1000000,10000000,"Host full featured Endpoint Security Suite, Vuln. scan remediation, Host FW Default Deny IN, Host FW Default Deny OUT, All Sec Patches Monthly, Server log SIEM, NPI Scanning and Response, OS MFA, App MFA, Net ACL/FW Default Deny IN,",3000,65000,100000,0,0,0,0.013333333333333334,0.06666666666666667,0.2,750000,1000000,10000000,550028.1005844839,211636.41915563066,196767.6493283583
Risk-12,Non Public Information (NPI),DerpCorp sysadmin jump stations on Oak-Net,malicious software,deliberately,confidentiality,malicious software deliberately impact the confidentiality of Non Public Information (NPI) through DerpCorp sysadmin jump stations on Oak-Net.,NA,0.013333333333333334,0.1,0.5,750000,3000000,10000000,"Crit. sec. patches monthly, OS MFA, App MFA, Net ACL/FW Default Deny IN,",1500,3000,24000,0,0,0,0.013333333333333334,0.07692307692307693,0.2,750000,1000000,10000000,"Host full featured Endpoint Security Suite, Vuln. scan remediation, CIS Hardened Windows Server Image, Host FW Default Deny IN, Host FW Default Deny OUT, All Sec Patches Monthly, Server log SIEM, NPI Scanning and Response, OS MFA, App MFA, Net ACL/FW Default Deny IN,",3000,65000,100000,0,0,0,0.013333333333333334,0.06666666666666667,0.2,750000,1000000,10000000,588005.1387252237,206147.1459101271,198484.20442843135
Risk-13,Non Public Information (NPI),Monitored servers on Maple-Net,malicious software,deliberately,confidentiality,malicious software deliberately impact the confidentiality of Non Public Information (NPI) through Monitored servers on Maple-Net.,NA,0.013333333333333334,0.1,0.5,750000,3000000,10000000,"Crit. sec. patches monthly, OS MFA, App MFA, Net ACL/FW Default Deny IN,",1500,3000,24000,0,0,0,0.013333333333333334,0.07692307692307693,0.2,750000,1000000,10000000,"Host full featured Endpoint Security Suite, Vuln. scan remediation, CIS Hardened Windows Server Image, Host FW Default Deny IN, Host FW Default Deny OUT, All Sec Patches Monthly, Server log SIEM, NPI Scanning and Response, OS MFA, App MFA, Net ACL/FW Default Deny IN,",3000,65000,100000,0,0,0,0.013333333333333334,0.06666666666666667,0.2,750000,1000000,10000000,550459.6454650937,219636.72740624423,199131.86253680006
Risk-14,Non Public Information (NPI),Monitored servers on Birch-Net,malicious software,deliberately,confidentiality,malicious software deliberately impact the confidentiality of Non Public Information (NPI) through Monitored servers on Birch-Net.,NA,0.013333333333333334,0.1,0.5,750000,3000000,10000000,"Crit. sec. patches monthly, OS MFA, App MFA, Net ACL/FW Default Deny IN,",1500,3000,24000,0,0,0,0.013333333333333334,0.07692307692307693,0.2,750000,1000000,10000000,"Host full featured Endpoint Security Suite, Vuln. scan remediation, CIS Hardened Windows Server Image, Host FW Default Deny IN, Host FW Default Deny OUT, All Sec Patches Monthly, Server log SIEM, NPI Scanning and Response, OS MFA, App MFA, Net ACL/FW Default Deny IN,",3000,65000,100000,0,0,0,0.013333333333333334,0.06666666666666667,0.2,750000,1000000,10000000,587151.8201342482,213508.9450317913,188896.3477943592
Risk-15,Non Public Information (NPI),Other devices on Oak-Net,external attackers,deliberately,confidentiality,external attackers deliberately impact the confidentiality of Non Public Information (NPI) through Other devices on Oak-Net.,NA,0.013333333333333334,0.1,0.5,750000,3000000,10000000,"Crit. sec. patches monthly, OS MFA, App MFA, Net ACL/FW Default Deny IN,",1500,3000,24000,0,0,0,0.013333333333333334,0.07692307692307693,0.2,750000,1000000,10000000,"Host full featured Endpoint Security Suite, Vuln. scan remediation, CIS Hardened Windows Server Image, Host FW Default Deny IN, Host FW Default Deny OUT, All Sec Patches Monthly, Server log SIEM, NPI Scanning and Response, OS MFA, App MFA, Net ACL/FW Default Deny IN,",3000,65000,100000,0,0,0,0.013333333333333334,0.06666666666666667,0.2,750000,1000000,10000000,562750.6625772873,215576.22149919815,190713.4252297791
Risk-16,Non Public Information (NPI),ServerGaugeReport Server on Oak-Net,external attackers,deliberately,confidentiality,external attackers deliberately impact the confidentiality of Non Public Information (NPI) through ServerGaugeReport Server on Oak-Net.,NA,0.013333333333333334,0.1,0.5,750000,3000000,10000000,"Crit. sec. patches monthly, OS MFA, App MFA, Net ACL/FW Default Deny IN,",1500,3000,24000,0,0,0,0.013333333333333334,0.07692307692307693,0.2,750000,1000000,10000000,"Host full featured Endpoint Security Suite, Vuln. scan remediation, CIS Hardened Windows Server Image, Host FW Default Deny IN, Host FW Default Deny OUT, All Sec Patches Monthly, Server log SIEM, NPI Scanning and Response, OS MFA, App MFA, Net ACL/FW Default Deny IN,",3000,65000,100000,0,0,0,0.013333333333333334,0.06666666666666667,0.2,750000,1000000,10000000,581458.9567991612,210616.8384019048,195506.18902877427
Risk-17,Non Public Information (NPI),ServerGaugeIndex Server on Oak-Net,external attackers,deliberately,confidentiality,external attackers deliberately impact the confidentiality of Non Public Information (NPI) through ServerGaugeIndex Server on Oak-Net.,NA,0.013333333333333334,0.1,0.5,750000,3000000,10000000,"Crit. sec. patches monthly, OS MFA, App MFA, Net ACL/FW Default Deny IN,",1500,3000,24000,0,0,0,0.013333333333333334,0.07692307692307693,0.2,750000,1000000,10000000,"Host full featured Endpoint Security Suite, Vuln. scan remediation, Host FW Default Deny IN, Host FW Default Deny OUT, All Sec Patches Monthly, Server log SIEM, NPI Scanning and Response, OS MFA, App MFA, Net ACL/FW Default Deny IN,",3000,65000,100000,0,0,0,0.013333333333333334,0.06666666666666667,0.2,750000,1000000,10000000,560702.808419136,219738.63310120063,196103.24388992373
Risk-18,Non Public Information (NPI),Database instance on ServerGaugeIndex,external attackers,deliberately,confidentiality,external attackers deliberately impact the confidentiality of Non Public Information (NPI) through Database instance on ServerGaugeIndex.,NA,0.013333333333333334,0.1,0.5,750000,3000000,10000000,"Crit. sec. patches monthly, OS MFA, App MFA, Net ACL/FW Default Deny IN,",1500,3000,24000,0,0,0,0.013333333333333334,0.07692307692307693,0.2,750000,1000000,10000000,"Host full featured Endpoint Security Suite, Vuln. scan remediation, CIS Hardened Windows Server Image, Host FW Default Deny IN, Host FW Default Deny OUT, All Sec Patches Monthly, Server log SIEM, NPI Scanning and Response, OS MFA, App MFA, Net ACL/FW Default Deny IN,",3000,65000,100000,0,0,0,0.013333333333333334,0.06666666666666667,0.2,750000,1000000,10000000,581641.0798368935,217709.7726047724,197176.83482717237
Risk-19,Non Public Information (NPI),DerpCorp sysadmin jump stations on Oak-Net,external attackers,deliberately,confidentiality,external attackers deliberately impact the confidentiality of Non Public Information (NPI) through DerpCorp sysadmin jump stations on Oak-Net.,NA,0.013333333333333334,0.1,0.5,750000,3000000,10000000,"Crit. sec. patches monthly, OS MFA, App MFA, Net ACL/FW Default Deny IN,",1500,3000,24000,0,0,0,0.013333333333333334,0.07692307692307693,0.2,750000,1000000,10000000,"Host full featured Endpoint Security Suite, Vuln. scan remediation, Host FW Default Deny IN, Host FW Default Deny OUT, All Sec Patches Monthly, Server log SIEM, NPI Scanning and Response, OS MFA, App MFA, Net ACL/FW Default Deny IN,",3000,65000,100000,0,0,0,0.013333333333333334,0.06666666666666667,0.2,750000,1000000,10000000,591615.878483028,211071.4249174215,194314.7047899012
Risk-20,Non Public Information (NPI),Monitored servers on Maple-Net,external attackers,deliberately,confidentiality,external attackers deliberately impact the confidentiality of Non Public Information (NPI) through Monitored servers on Maple-Net.,NA,0.013333333333333334,0.1,0.5,750000,3000000,10000000,"Crit. sec. patches monthly, OS MFA, App MFA, Net ACL/FW Default Deny IN,",1500,3000,24000,0,0,0,0.013333333333333334,0.07692307692307693,0.2,750000,1000000,10000000,"Host full featured Endpoint Security Suite, Vuln. scan remediation, Host FW Default Deny IN, Host FW Default Deny OUT, All Sec Patches Monthly, Server log SIEM, NPI Scanning and Response, OS MFA, App MFA, Net ACL/FW Default Deny IN,",3000,65000,100000,0,0,0,0.013333333333333334,0.06666666666666667,0.2,750000,1000000,10000000,564231.9212175269,215011.8730875549,193165.08677280965
Risk-21,Non Public Information (NPI),Monitored servers on Birch-Net,external attackers,deliberately,confidentiality,external attackers deliberately impact the confidentiality of Non Public Information (NPI) through Monitored servers on Birch-Net.,NA,0.013333333333333334,0.1,0.5,750000,3000000,10000000,"Crit. sec. patches monthly, OS MFA, App MFA, Net ACL/FW Default Deny IN,",1500,3000,24000,0,0,0,0.013333333333333334,0.07692307692307693,0.2,750000,1000000,10000000,"Host full featured Endpoint Security Suite, Vuln. scan remediation, Host FW Default Deny IN, Host FW Default Deny OUT, All Sec Patches Monthly, Server log SIEM, NPI Scanning and Response, OS MFA, App MFA, Net ACL/FW Default Deny IN,",3000,65000,100000,0,0,0,0.013333333333333334,0.06666666666666667,0.2,750000,1000000,10000000,579101.9118713011,211259.58699415912,209009.91437296683
Risk-22,Non Public Information (NPI),Other devices on Oak-Net,privileged insiders (DerpCorp & Vendors),deliberately,availability,privileged insiders (DerpCorp & Vendors) deliberately impact the availability of Non Public Information (NPI) through Other devices on Oak-Net.,NA,0.013333333333333334,0.2,0.5,5000,200000,10000000,"Crit. sec. patches monthly, OS MFA, App MFA, Net ACL/FW Default Deny IN,",1500,3000,24000,0,0,0,0.013333333333333334,0.14285714285714285,0.2,5000,200000,10000000,"Host full featured Endpoint Security Suite, Vuln. scan remediation, CIS Hardened Windows Server Image, Host FW Default Deny IN, Host FW Default Deny OUT, All Sec Patches Monthly, Server log SIEM, NPI Scanning and Response, OS MFA, App MFA, Net ACL/FW Default Deny IN,",3000,65000,100000,0,0,0,0.013333333333333334,0.1,0.2,5000,200000,10000000,388719.3624760659,242986.2923702818,182415.08803426535
Risk-23,Non Public Information (NPI),ServerGaugeReport Server on Oak-Net,privileged insiders (DerpCorp & Vendors),deliberately,availability,privileged insiders (DerpCorp & Vendors) deliberately impact the availability of Non Public Information (NPI) through ServerGaugeReport Server on Oak-Net.,NA,0.013333333333333334,0.2,0.5,5000,200000,10000000,"Crit. sec. patches monthly, OS MFA, App MFA, Net ACL/FW Default Deny IN,",1500,3000,24000,0,0,0,0.013333333333333334,0.14285714285714285,0.2,5000,200000,10000000,"Host full featured Endpoint Security Suite, Vuln. scan remediation, CIS Hardened Windows Server Image, Host FW Default Deny IN, Host FW Default Deny OUT, All Sec Patches Monthly, Server log SIEM, NPI Scanning and Response, OS MFA, App MFA, Net ACL/FW Default Deny IN,",3000,65000,100000,0,0,0,0.013333333333333334,0.1,0.2,5000,200000,10000000,389514.8393147718,239429.99874099597,184641.82657209138
Risk-24,Non Public Information (NPI),ServerGaugeIndex Server on Oak-Net,privileged insiders (DerpCorp & Vendors),deliberately,availability,privileged insiders (DerpCorp & Vendors) deliberately impact the availability of Non Public Information (NPI) through ServerGaugeIndex Server on Oak-Net.,NA,0.013333333333333334,0.2,0.5,5000,200000,10000000,"Crit. sec. patches monthly, OS MFA, App MFA, Net ACL/FW Default Deny IN,",1500,3000,24000,0,0,0,0.013333333333333334,0.14285714285714285,0.2,5000,200000,10000000,"Host full featured Endpoint Security Suite, Vuln. scan remediation, CIS Hardened Windows Server Image, Host FW Default Deny IN, Host FW Default Deny OUT, All Sec Patches Monthly, Server log SIEM, NPI Scanning and Response, OS MFA, App MFA, Net ACL/FW Default Deny IN,",3000,65000,100000,0,0,0,0.013333333333333334,0.1,0.2,5000,200000,10000000,390202.4006623711,229190.34959125612,177333.32704249417
Risk-25,Non Public Information (NPI),Database instance on ServerGaugeIndex,privileged insiders (DerpCorp & Vendors),deliberately,availability,privileged insiders (DerpCorp & Vendors) deliberately impact the availability of Non Public Information (NPI) through Database instance on ServerGaugeIndex.,NA,0.013333333333333334,0.2,0.5,5000,200000,10000000,"Crit. sec. patches monthly, OS MFA, App MFA, Net ACL/FW Default Deny IN,",1500,3000,24000,0,0,0,0.013333333333333334,0.14285714285714285,0.2,5000,200000,10000000,"Host full featured Endpoint Security Suite, Vuln. scan remediation, CIS Hardened Windows Server Image, Host FW Default Deny IN, Host FW Default Deny OUT, All Sec Patches Monthly, Server log SIEM, NPI Scanning and Response, OS MFA, App MFA, Net ACL/FW Default Deny IN,",3000,65000,100000,0,0,0,0.013333333333333334,0.1,0.2,5000,200000,10000000,404383.1669746165,243716.48549912949,185325.05328509957
Risk-26,Non Public Information (NPI),DerpCorp sysadmin jump stations on Oak-Net,privileged insiders (DerpCorp & Vendors),deliberately,availability,privileged insiders (DerpCorp & Vendors) deliberately impact the availability of Non Public Information (NPI) through DerpCorp sysadmin jump stations on Oak-Net.,NA,0.013333333333333334,0.2,0.5,5000,200000,10000000,"Crit. sec. patches monthly, OS MFA, App MFA, Net ACL/FW Default Deny IN,",1500,3000,24000,0,0,0,0.013333333333333334,0.14285714285714285,0.2,5000,200000,10000000,"Host full featured Endpoint Security Suite, Vuln. scan remediation, CIS Hardened Windows Server Image, Host FW Default Deny IN, Host FW Default Deny OUT, All Sec Patches Monthly, Server log SIEM, NPI Scanning and Response, OS MFA, App MFA, Net ACL/FW Default Deny IN,",3000,65000,100000,0,0,0,0.013333333333333334,0.1,0.2,5000,200000,10000000,395589.80546754465,250100.07220352336,186049.473725101
Risk-27,Non Public Information (NPI),Monitored servers on Maple-Net,privileged insiders (DerpCorp & Vendors),deliberately,availability,privileged insiders (DerpCorp & Vendors) deliberately impact the availability of Non Public Information (NPI) through Monitored servers on Maple-Net.,NA,0.013333333333333334,0.2,0.5,5000,200000,10000000,"Crit. sec. patches monthly, OS MFA, App MFA, Net ACL/FW Default Deny IN,",1500,3000,24000,0,0,0,0.013333333333333334,0.14285714285714285,0.2,5000,200000,10000000,"Host full featured Endpoint Security Suite, Vuln. scan remediation, Host FW Default Deny IN, Host FW Default Deny OUT, All Sec Patches Monthly, Server log SIEM, NPI Scanning and Response, OS MFA, App MFA, Net ACL/FW Default Deny IN,",3000,65000,100000,0,0,0,0.013333333333333334,0.09090909090909091,0.2,5000,200000,10000000,383030.52201846475,251078.66170902495,182123.22369539182
Risk-28,Non Public Information (NPI),Monitored servers on Birch-Net,privileged insiders (DerpCorp & Vendors),deliberately,availability,privileged insiders (DerpCorp & Vendors) deliberately impact the availability of Non Public Information (NPI) through Monitored servers on Birch-Net.,NA,0.013333333333333334,0.2,0.5,5000,200000,10000000,"Crit. sec. patches monthly, OS MFA, App MFA, Net ACL/FW Default Deny IN,",1500,3000,24000,0,0,0,0.013333333333333334,0.14285714285714285,0.2,5000,200000,10000000,"Host full featured Endpoint Security Suite, Vuln. scan remediation, CIS Hardened Windows Server Image, Host FW Default Deny IN, Host FW Default Deny OUT, All Sec Patches Monthly, Server log SIEM, NPI Scanning and Response, OS MFA, App MFA, Net ACL/FW Default Deny IN,",3000,65000,100000,0,0,0,0.013333333333333334,0.1,0.2,5000,200000,10000000,389784.0851628972,244508.73790758953,177961.25679000295
Risk-29,Non Public Information (NPI),Other devices on Oak-Net,malicious software,deliberately,availability,malicious software deliberately impact the availability of Non Public Information (NPI) through Other devices on Oak-Net.,NA,0.013333333333333334,0.14285714285714285,0.5,5000,200000,10000000,"Crit. sec. patches monthly, OS MFA, App MFA, Net ACL/FW Default Deny IN,",1500,3000,24000,0,0,0,0.013333333333333334,0.125,0.2,5000,200000,10000000,"Host full featured Endpoint Security Suite, Vuln. scan remediation, Host FW Default Deny IN, Host FW Default Deny OUT, All Sec Patches Monthly, Server log SIEM, NPI Scanning and Response, OS MFA, App MFA, Net ACL/FW Default Deny IN,",3000,65000,100000,0,0,0,0.013333333333333334,0.1,0.2,5000,200000,10000000,326853.4168069076,219742.1355171213,190336.99793281782
Risk-30,Non Public Information (NPI),ServerGaugeReport Server on Oak-Net,malicious software,deliberately,availability,malicious software deliberately impact the availability of Non Public Information (NPI) through ServerGaugeReport Server on Oak-Net.,NA,0.013333333333333334,0.14285714285714285,0.5,5000,200000,10000000,"Crit. sec. patches monthly, OS MFA, App MFA, Net ACL/FW Default Deny IN,",1500,3000,24000,0,0,0,0.013333333333333334,0.125,0.2,5000,200000,10000000,"Host full featured Endpoint Security Suite, Vuln. scan remediation, Host FW Default Deny IN, Host FW Default Deny OUT, All Sec Patches Monthly, Server log SIEM, NPI Scanning and Response, OS MFA, App MFA, Net ACL/FW Default Deny IN,",3000,65000,100000,0,0,0,0.013333333333333334,0.1,0.2,5000,200000,10000000,331109.34627797065,213645.86267913252,189656.37383548703
Risk-31,Non Public Information (NPI),ServerGaugeIndex Server on Oak-Net,malicious software,deliberately,availability,malicious software deliberately impact the availability of Non Public Information (NPI) through ServerGaugeIndex Server on Oak-Net.,NA,0.013333333333333334,0.14285714285714285,0.5,5000,200000,10000000,"Malware scans nightly, Crit. sec. patches monthly, App MFA,",200,500,3000,0,0,0,0.013333333333333334,0.1,0.2,5000,200000,10000000,"Host full featured Endpoint Security Suite, Vuln. scan remediation, Host FW Default Deny IN, Host FW Default Deny OUT, All Sec Patches Monthly, Server log SIEM, NPI Scanning and Response, App MFA,",3000,65000,100000,0,0,0,0.013333333333333334,0.08333333333333333,0.2,5000,200000,10000000,326677.9452420225,189504.9235355399,160079.38649807614
Risk-32,Non Public Information (NPI),Database instance on ServerGaugeIndex,malicious software,deliberately,availability,malicious software deliberately impact the availability of Non Public Information (NPI) through Database instance on ServerGaugeIndex.,NA,0.013333333333333334,0.14285714285714285,0.5,5000,200000,10000000,"Malware scans nightly, Crit. sec. patches monthly, App MFA,",200,500,3000,0,0,0,0.013333333333333334,0.1,0.2,5000,200000,10000000,"Host full featured Endpoint Security Suite, Vuln. scan remediation, CIS Hardened Windows Server Image, Host FW Default Deny IN, Host FW Default Deny OUT, All Sec Patches Monthly, Server log SIEM, NPI Scanning and Response, App MFA,",3000,65000,100000,0,0,0,0.013333333333333334,0.06666666666666667,0.2,5000,200000,10000000,309381.5229982672,200032.09651395178,152591.00371793198
Risk-33,Non Public Information (NPI),DerpCorp sysadmin jump stations on Oak-Net,malicious software,deliberately,availability,malicious software deliberately impact the availability of Non Public Information (NPI) through DerpCorp sysadmin jump stations on Oak-Net.,NA,0.013333333333333334,0.14285714285714285,0.5,5000,200000,10000000,"Malware scans nightly, Crit. sec. patches monthly, App MFA,",200,500,3000,0,0,0,0.013333333333333334,0.1,0.2,5000,200000,10000000,"Host full featured Endpoint Security Suite, Vuln. scan remediation, CIS Hardened Windows Server Image, Host FW Default Deny IN, Host FW Default Deny OUT, All Sec Patches Monthly, Server log SIEM, NPI Scanning and Response, App MFA,",3000,65000,100000,0,0,0,0.013333333333333334,0.06666666666666667,0.2,5000,200000,10000000,308201.6533081347,176553.1545382315,151818.7776462312
Risk-34,Non Public Information (NPI),Monitored servers on Maple-Net,malicious software,deliberately,availability,malicious software deliberately impact the availability of Non Public Information (NPI) through Monitored servers on Maple-Net.,NA,0.013333333333333334,0.14285714285714285,0.5,5000,200000,10000000,"Malware scans nightly, Crit. sec. patches monthly, App MFA,",200,500,3000,0,0,0,0.013333333333333334,0.1,0.2,5000,200000,10000000,"Host full featured Endpoint Security Suite, Vuln. scan remediation, CIS Hardened Windows Server Image, Host FW Default Deny IN, Host FW Default Deny OUT, All Sec Patches Monthly, Server log SIEM, NPI Scanning and Response, App MFA,",3000,65000,100000,0,0,0,0.013333333333333334,0.06666666666666667,0.2,5000,200000,10000000,306204.4031457502,174097.50806938816,142621.16982539033
Risk-35,Non Public Information (NPI),Monitored servers on Birch-Net,malicious software,deliberately,availability,malicious software deliberately impact the availability of Non Public Information (NPI) through Monitored servers on Birch-Net.,NA,0.013333333333333334,0.14285714285714285,0.5,5000,200000,10000000,"Malware scans nightly, Crit. sec. patches monthly, App MFA,",200,500,3000,0,0,0,0.013333333333333334,0.1,0.2,5000,200000,10000000,"Host full featured Endpoint Security Suite, Vuln. scan remediation, CIS Hardened Windows Server Image, Host FW Default Deny IN, Host FW Default Deny OUT, All Sec Patches Monthly, Server log SIEM, NPI Scanning and Response, App MFA,",3000,65000,100000,0,0,0,0.013333333333333334,0.06666666666666667,0.2,5000,200000,10000000,330426.874239445,180515.30633786673,147622.1827424561
Risk-36,Non Public Information (NPI),Other devices on Oak-Net,external attackers,deliberately,availability,external attackers deliberately impact the availability of Non Public Information (NPI) through Other devices on Oak-Net.,NA,0.013333333333333334,0.14285714285714285,0.5,5000,200000,10000000,"Malware scans nightly, Crit. sec. patches monthly, App MFA,",200,500,3000,0,0,0,0.013333333333333334,0.1,0.2,5000,200000,10000000,"Host full featured Endpoint Security Suite, Vuln. scan remediation, CIS Hardened Windows Server Image, Host FW Default Deny IN, Host FW Default Deny OUT, All Sec Patches Monthly, Server log SIEM, NPI Scanning and Response, App MFA,",3000,65000,100000,0,0,0,0.013333333333333334,0.06666666666666667,0.2,5000,200000,10000000,310650.8449707298,182007.39985215914,144623.87521235674
Risk-37,Non Public Information (NPI),ServerGaugeReport Server on Oak-Net,external attackers,deliberately,availability,external attackers deliberately impact the availability of Non Public Information (NPI) through ServerGaugeReport Server on Oak-Net.,NA,0.013333333333333334,0.14285714285714285,0.5,5000,200000,10000000,"Malware scans nightly, Crit. sec. patches monthly, App MFA,",200,500,3000,0,0,0,0.013333333333333334,0.1,0.2,5000,200000,10000000,"Host full featured Endpoint Security Suite, Vuln. scan remediation, Host FW Default Deny IN, Host FW Default Deny OUT, All Sec Patches Monthly, Server log SIEM, NPI Scanning and Response, App MFA,",3000,65000,100000,0,0,0,0.013333333333333334,0.08333333333333333,0.2,5000,200000,10000000,319551.1052610027,191875.58003064393,153624.36319977583
Risk-38,Non Public Information (NPI),ServerGaugeIndex Server on Oak-Net,external attackers,deliberately,availability,external attackers deliberately impact the availability of Non Public Information (NPI) through ServerGaugeIndex Server on Oak-Net.,NA,0.013333333333333334,0.14285714285714285,0.5,5000,200000,10000000,"Malware scans nightly, Crit. sec. patches monthly, App MFA,",200,500,3000,0,0,0,0.013333333333333334,0.1,0.2,5000,200000,10000000,"Host full featured Endpoint Security Suite, Vuln. scan remediation, CIS Hardened Windows Server Image, Host FW Default Deny IN, Host FW Default Deny OUT, All Sec Patches Monthly, Server log SIEM, NPI Scanning and Response, App MFA,",3000,65000,100000,0,0,0,0.013333333333333334,0.06666666666666667,0.2,5000,200000,10000000,333015.5415531733,186348.48025499826,147266.921143569
Risk-39,Non Public Information (NPI),Database instance on ServerGaugeIndex,external attackers,deliberately,availability,external attackers deliberately impact the availability of Non Public Information (NPI) through Database instance on ServerGaugeIndex.,NA,0.013333333333333334,0.14285714285714285,0.5,5000,200000,10000000,"Malware scans nightly, Crit. sec. patches monthly, App MFA,",200,500,3000,0,0,0,0.013333333333333334,0.1,0.2,5000,200000,10000000,"Host full featured Endpoint Security Suite, Vuln. scan remediation, Host FW Default Deny IN, Host FW Default Deny OUT, All Sec Patches Monthly, Server log SIEM, NPI Scanning and Response, App MFA,",3000,65000,100000,0,0,0,0.013333333333333334,0.08333333333333333,0.2,5000,200000,10000000,326136.48702720564,180907.93819236246,157511.95814449087
Risk-40,Non Public Information (NPI),DerpCorp sysadmin jump stations on Oak-Net,external attackers,deliberately,availability,external attackers deliberately impact the availability of Non Public Information (NPI) through DerpCorp sysadmin jump stations on Oak-Net.,NA,0.013333333333333334,0.14285714285714285,0.5,5000,200000,10000000,"Malware scans nightly, Crit. sec. patches monthly, App MFA,",200,500,3000,0,0,0,0.013333333333333334,0.1,0.2,5000,200000,10000000,"Host full featured Endpoint Security Suite, Vuln. scan remediation, Host FW Default Deny IN, Host FW Default Deny OUT, All Sec Patches Monthly, Server log SIEM, NPI Scanning and Response, App MFA,",3000,65000,100000,0,0,0,0.013333333333333334,0.08333333333333333,0.2,5000,200000,10000000,338707.0164332248,186943.92634099175,164346.6666677497
Risk-41,Non Public Information (NPI),Monitored servers on Maple-Net,external attackers,deliberately,availability,external attackers deliberately impact the availability of Non Public Information (NPI) through Monitored servers on Maple-Net.,NA,0.013333333333333334,0.14285714285714285,0.5,5000,200000,10000000,"Malware scans nightly, Crit. sec. patches monthly, App MFA,",200,500,3000,0,0,0,0.013333333333333334,0.1,0.2,5000,200000,10000000,"Host full featured Endpoint Security Suite, Vuln. scan remediation, Host FW Default Deny IN, Host FW Default Deny OUT, All Sec Patches Monthly, Server log SIEM, NPI Scanning and Response, App MFA,",3000,65000,100000,0,0,0,0.013333333333333334,0.08333333333333333,0.2,5000,200000,10000000,323725.5431167633,189916.4694720569,167156.5914349065
Risk-42,Non Public Information (NPI),Monitored servers on Birch-Net,external attackers,deliberately,availability,external attackers deliberately impact the availability of Non Public Information (NPI) through Monitored servers on Birch-Net.,NA,0.013333333333333334,0.14285714285714285,0.5,5000,200000,10000000,"Malware scans nightly, Crit. sec. patches monthly, App MFA,",200,500,3000,0,0,0,0.013333333333333334,0.1,0.2,5000,200000,10000000,"Host full featured Endpoint Security Suite, Vuln. scan remediation, CIS Hardened Windows Server Image, Host FW Default Deny IN, Host FW Default Deny OUT, All Sec Patches Monthly, Server log SIEM, NPI Scanning and Response, App MFA,",3000,65000,100000,0,0,0,0.013333333333333334,0.06666666666666667,0.2,5000,200000,10000000,321688.25856819807,189933.11281168976,139889.0189898373
